"iguanaID","abx","lps","tx","jan11mass","jan20glu","jan20mass","jan20svl","jan24glu","jan24mass","feb8glu","feb8mass","feb8svl","tailbreak","jan24agg","jan26agg","feb1agg","feb8agg","jan24lys","jan26lys","feb1lys","feb8lys","jan20bka","jan24bka","jan26bka","feb1bka","feb8bka","jan20drom","jan24drom","feb8drom","jan20oxy","jan24oxy","feb8oxy","jan20totri","jan20gly","jan20trtri","jan24totri","jan24gly","jan24trtri","feb8totri","feb8gly","feb8trtri","jan20drom_std","jan24drom_std","feb8drom_std","jan20oxy_std","jan24oxy_std","feb8oxy_std","jan20osi","jan24osi","feb8osi"
1,"P","L","pl",76,288,74,125,258,76,344,69,133,0,4,2.5,0.5,4,4.5,3,0,3,122.8660924,106.7323481,1.73985087,10.69387755,19.62616822,8.351862464,4.029382304,4.990774587,344.346116,343.0195382,347.5491033,1.990569906,0.140677158,1.923136949,1.437064371,0.073915117,1.440109247,2.057789926,0.624476111,1.628813432,0.7449241497997,-0.692277471731935,-0.929392577765622,0.381297719711233,-0.120404114853101,0.580508726854091,0.363626430088467,-0.571873356878834,-1.50990130461971
2,"P","P","pp",76,343,76,127,336,74,246,75,129,0,2,0,2.5,0,2,0.5,3.5,1,7.126076742,99.83579639,-1.905550953,122.6938776,14.48598131,3.859025788,2.63639399,4.669103568,347.020649,346.642984,342.322801,1.724067241,0.138292799,1.671088568,1.059860599,0.159752027,1.024970737,1.425224522,0.769069573,0.918222022,-0.447951815540408,-1.10787296652653,-0.998251946880789,0.897414784507495,0.113377120042879,0.0944276865597692,-1.3453666000479,-1.22125008656941,-1.09267963344056
3,"C","P","cp",73,308,73,128,292,73,334,62,126,0,0.5,0.5,0,1.5,2,1,0,2.5,3.837118246,1.806239737,3.396851698,8.244897959,10.59190031,4.918051576,5.413021703,3.479895561,347.6892822,341.2078153,351.323655,1.674866749,0.219360992,1.571205618,1.051660517,0.195517406,0.993757316,1.358844201,0.410729254,1.110861255,-0.166773909401768,-0.279471208488079,-1.25282294728765,1.02644404105783,-0.237294732301091,0.931567259572469,-1.19321795045959,-0.0421764761869878,-2.18439020686012
4,"C","L","cl",72,251,71,133,271,69,364,67,133,0,1,1,0,1,1,1.5,0,1,7.752545027,4.433497537,23.11516156,4.653061224,13.39563863,8.383954155,2.972954925,3.245953003,333.3136676,345.1332149,354.5175064,1.642066421,0.197901764,1.554038236,0.996309963,0.014306152,1.059695669,1.872315502,0.31642917,1.671164081,0.753444692530647,-1.00746063219171,-1.30290248818987,-1.74768512915406,0.0159682710942352,1.22861678368008,2.5011298216847,-1.02342890328595,-2.53151927186994
5,"W","L","wl",72,292,73,125,320,71,324,73,132,0,1.5,0,0,NA,1.5,0.5,0.5,NA,6.656225529,95.23809524,14.33305717,6.775510204,33.33333333,8.801146132,2.701836394,NA,337.3254671,346.9449378,NA,0.740057401,0.193133047,0.69879048,1.295612956,-0.033381021,1.375731565,NA,NA,NA,0.864211746439914,-1.08834834596971,NA,-0.973509531959654,0.132858888542225,NA,1.83772127839957,-1.22120723451194,NA
6,"W","P","wp",70,295,67,127,337,65,285,63,135,0,0,0,0,0,0.5,0.5,0.5,0,5.403288958,2.955665025,8.864954432,8.734693878,4.517133956,4.187965616,3.505843072,4.825065274,333.6479843,346.642984,352.4850555,1.232062321,0.400572246,1.031213422,0.740057401,0.092989986,0.764338666,2.038266302,0.758591785,1.514129376,-0.360616253809361,-0.848474436186456,-0.964865586136599,-1.68317048158142,0.113377120042879,1.03958526749336,1.32255422777206,-0.961851556229335,-2.00445085362996
7,"W","P","wp",68,217,65,124,273,65,282,66,131,0,0,0,0,0,0.5,0,0.5,0.5,10.41503524,6.239737274,0.745650373,7.755102041,16.04361371,3.153008596,6.544240401,4.912793734,333.3136676,347.5488455,345.5166524,1.008610086,0.686695279,0.631291455,0.598605986,-0.019074869,0.703082325,1.384224912,0.748113998,0.89386103,-0.635403752966168,0.058025804079254,-0.946085758137717,-1.74768512915406,0.171822431992827,0.391477210667371,1.11228137618789,-0.113796627913573,-1.33756296880509
8,"W","L","wl",63,265,65,121,374,62,271,64,133,0,1.5,1,0,1.5,2.5,1.5,0.5,1,11.98120595,-0.985221675,-4.391052196,15.75510204,16.19937695,3.008595989,3.234724541,7.593385553,336.6568338,345.4351687,345.2263023,1.496514965,0.574630424,1.168942645,1.154161542,0.183595613,1.099102614,1.716126513,1.418692372,0.732703695,-0.673746194591662,-0.929362149964454,-0.372257683462403,-1.10253880780745,0.0354500395935852,0.364472711012316,0.428792613215792,-0.964812189558039,-0.736730394474718
9,"C","L","cl",62,293,59,125,309,59,360,60,126,0,1,0,1.5,0.5,1.5,0,1.5,0.5,19.96867659,10.34482759,2.236951118,118.8925081,12.46105919,4.059598854,4.27245409,6.072758921,340.6686332,344.5293073,346.0973527,1.174661747,0.092989986,1.177916504,1.240262403,0.0691464,1.255950059,1.923076923,0.854987427,1.334607601,-0.394698424202135,-0.619757452606149,-0.69777470039715,-0.32836322991053,-0.0229952659044573,0.445486219278148,-0.0663351942916044,-0.596762186701692,-1.1432609196753
10,"C","P","cp",60,282,61,121,365,57,324,57,128,0,0.5,0,NA,0,2,0.5,NA,0,7.595927956,10.5090312,5.550952775,NA,13.55140187,2.583381089,5.684140234,14.05604874,342.6745329,345.1332149,350.4526046,1.10701107,0.114449213,1.099492782,0.975809758,0.088221268,0.991806477,2.661069895,0.645431685,2.192864103,-0.786643384250042,-0.198583494710081,1.01118963872434,0.0587245590379314,0.0159682710942352,0.850553751306637,-0.845367943287973,-0.214551765804316,0.160635887417704
11,"P","P","pp",60,302,62,118,299,63,316,71,130,0,0,0,0,0,0,0.5,0,0,7.752545027,1.97044335,8.864954432,25.57003257,17.28971963,12.44355301,5.955258765,8.402436902,341.3372665,366.2024141,352.4850555,0.822058221,0.37672866,0.656652361,0.98400984,0.100143062,0.991806477,4.062866068,1.548616932,2.892211978,1.83129333299427,-0.117695780932082,-0.199065937289228,-0.19933395406273,1.37533272115594,1.03958526749336,2.03062728705701,-1.49302850208802,-1.23865120478259
12,"P","L","pl",59,309,59,120,381,60,325,60,127,0,2,0,0.5,3,3,0,0.5,2.5,4.933437745,5.747126437,5.716652858,2.280130293,55.76323988,7.284813754,5.235392321,6.443167972,336.9911504,327.0566388,353.3561059,2.084870849,0.27420124,1.925477956,2.687576876,0.040534096,2.651970347,2.951971886,0.681056161,2.446593209,0.461616108177453,-0.332466607057049,-0.61848209379025,-1.03802417953229,-1.15031501741229,1.12059877575919,1.49964028770975,0.817848410355238,-1.73908086954944
13,"P","L","pl",58,269,60,116,295,57,400,56,130,0,0,0,0,2,0,0.5,2,3,14.80031323,7.881773399,-2.071251036,12.70358306,8.099688474,7.052148997,9.320868114,14.11453438,341.0029499,348.8393686,353.646456,0.867158672,0.131139723,0.860319938,1.031160312,0.011921793,1.094420601,1.475985943,0.184409053,1.385203508,0.399842174108233,0.886427562117703,1.02370952405693,-0.263848582337901,0.255085740079229,1.14760327541424,0.663690756446135,0.631341822038474,-0.123893751357316
14,"P","P","pp",57,303,57,116,309,58,262,58,121,0,1.5,4,3,0,2,4,3,0,7.439310885,7.224958949,7.207953604,27.19869707,14.95327103,6.498567335,6.132888147,10.11801567,338.3284169,313.7975859,352.7754056,1.469864699,0.159752027,1.41513851,1.941369414,0.407725322,1.701521654,1.565794611,0.582564962,1.186567724,0.25286281405708,-0.0647003823631121,0.168184031324993,-0.779965647134163,-2.00577634665671,1.06658976714841,1.03282846119124,1.94107596429359,-0.89840573582342
15,"C","P","cp",56,167,59,117,279,56,288,58,123,0,6.5,5.5,3,3,7.5,6.5,3.5,3.5,26.85982772,123.9737274,121.7067109,121.6612378,118.2242991,16.81604585,9.451752922,10.43968668,329.9705015,349.4707521,346.0973527,5.223452235,6.661897949,0.731174405,1.365313653,0.150214592,1.321888412,1.58141351,0.500838223,1.260025485,2.99221726448724,0.925476803231334,0.23704339851355,-2.39283143120318,0.295821995696176,0.445486219278148,5.38504869569042,0.629654807535158,-0.208442820764597
16,"C","L","cl",55,232,59,117,283,56,218,51,123,0,0,0,1.5,4.5,0.5,0,1,5,11.04150352,1.642036125,5.882352941,4.397394137,116.9781931,2.519197708,6.44645602,4.776327241,345.0147493,288.542247,346.0973527,1.223862239,0.107296137,1.21537261,0.783107831,0.121602289,0.786578229,1.210464662,0.079631182,1.205306949,-0.803684469446429,0.0288520143234859,-0.9752988238424,0.510326995559033,-3.63522650036356,0.445486219278148,-1.31401146500546,3.66407851468705,-1.42078504312055
17,"W","L","wl",55,310,52,110,350,56,331,52,120,0,0.5,0,2,3.5,2,0,2,4,13.86061081,-0.65681445,1.905550953,8.631921824,84.73520249,4.019484241,5.633475662,5.838816362,345.6833825,349.4707521,346.9684031,0.986059861,0.200286123,0.92820913,1.635916359,0.169289461,1.566913773,1.876220226,0.748113998,1.366089499,-0.405349102416688,-0.213699176340197,-0.747854241513434,0.639356252109364,0.295821995696176,0.52649972754398,-1.04470535452605,-0.509521172036372,-1.27435396905741
18,"W","P","wp",54,263,60,126,263,58,226,57,130,0,4,3,3.5,5,4.5,3,4,5.5,5.246671887,127.2868217,1.73985087,60.42345277,16.66666667,6.281948424,3.969257045,7.369190601,343.3431662,333.3704735,342.322801,2.585075851,0.333810205,2.36246586,0.805658057,0.193133047,0.761217323,3.912534166,0.884325231,3.223146691,0.195349151486086,-0.71021573188288,-0.4202505769519,0.187753834885731,-0.742952480598547,0.0944276865597692,0.00759531660035495,0.0327367487156675,-0.514678263511669
19,"W","P","wp",52,241,57,116,366,53,318,52,118,0,1,1,0,0,1.5,1.5,0.5,0,5.716523101,11.78294574,7.870753935,0.651465798,4.361370717,1.724928367,3.653629377,3.626109661,342.6745329,364.9396472,351.323655,1.39196392,0.240820219,1.287943816,2.056170562,0.438721984,1.790479906,2.307692308,0.637049455,1.859680684,-1.01456789905041,-0.804382664609441,-1.22152323395618,0.0587245590379314,1.29386021637395,0.931567259572469,-1.07329245808834,-2.09824288098339,-2.15309049352865
20,"W","L","wl",51,266,50,112,360,48,352,51,120,0,1,1,0,1.5,1.5,1.5,0.5,1,10.72826938,22.94573643,64.54018227,6.840390879,22.74143302,3.522063037,3.806660974,6.647867711,334.9852507,332.1077066,350.7429547,0.883558836,0.181211254,0.843152556,0.924336973,0.21902378,0.813927113,2.737212027,2.254819782,1.1146091,-0.537417513020568,-0.758725969836607,-0.57466249534026,-1.42511196848076,-0.824424985380535,0.877558250961693,0.887694455460188,0.0656990155439279,-1.45222074630195
21,"C","L","cl",50,193,57,115,306,53,260,53,119,0,1.5,2,NA,NA,1.5,2.5,NA,NA,20.4385278,20.62015504,1.73985087,NA,33.48909657,11.32034384,9.487959009,NA,337.3254671,349.4707521,NA,0.891758918,0.236051502,0.815060476,1.819422777,0.279516062,1.637683351,6.99531433,5.984911987,2.533168428,1.53307434139374,0.936278822523322,NA,-0.973509531959654,0.295821995696176,NA,2.50658387335339,0.640456826827146,NA
22,"C","P","cp",50,281,54,124,293,58,281,57,130,0,0,2,1.5,2.5,0,2.5,0.5,3,15.74001566,31.9379845,127.0091135,35.66775244,23.67601246,2.976504298,10.63569599,6.638120104,341.6715831,343.1569174,352.7754056,2.062320623,0.135908441,1.994537651,1.770559519,0.165734824,1.686458259,4.912143694,2.967309304,2.69245184,-0.682266737322608,1.27870403436379,-0.576749142967047,-0.134819325787559,-0.111540541117564,1.06658976714841,-0.547447411535049,1.39024457548135,-1.64333891011546
23,"P","P","pp",49,333,51,112,351,50,405,50,121,0,1.5,2,3,0,2.5,2.5,3,0,9.475332811,54.10852713,99.33719967,118.5667752,12.61682243,5.800573066,6.427327071,8.675369887,341.0029499,349.7864438,355.6789069,2.462074621,1.494992847,1.485368709,1.092043682,0.223195661,0.973461364,1.419367435,0.3248114,1.23041751,0.0675410123804327,0.0231449276633492,-0.14063980609393,-0.263848582337901,0.316190120278693,1.33663479160096,0.331389594718334,-0.293045192615344,-1.47727459769489
24,"P","L","pl",49,223,54,114,293,54,332,51,122,0,3,1,1,2,4,1.5,3,0.5,40.17227878,3.720930233,-0.248550124,29.80456026,12.14953271,5.102578797,6.98206661,5.536640557,341.0029499,348.8393686,348.4201537,2.466174662,0.54840248,2.108856808,1.17199688,0.152273675,1.102374112,1.79617337,0.349958089,1.574094895,-0.117780789296215,0.188650446177577,-0.812540315375026,-0.263848582337901,0.255085740079229,0.661522235119923,0.146067793041687,-0.066435293901652,-1.47406255049495
25,"P","L","pl",48,289,52,111,319,52,340,54,117,0,1,0,0,0.5,2,0,0,1,6.029757244,6.821705426,3.562551781,3.42019544,9.345794393,1.46017192,2.5058924,5.136988686,343.0088496,345.998143,346.6780529,2.011070111,0.109680496,1.962934062,3.065522621,0.281602003,2.844019356,2.075361187,0.429589271,1.785098568,-1.08486237558507,-1.14680787525652,-0.89809286464822,0.123239206610571,0.0717725994808343,0.499495218588259,-1.20810158219564,-1.21858047473735,-1.39758808323648
26,"P","P","pp",48,254,51,106,263,53,316,54,111,0,0,0,0,2,0,0,0,0,8.692247455,10.23255814,0.082850041,6.840390879,12.30529595,2.984527221,4.667463706,4.844560487,339.3313668,339.0529248,332.7412468,1.02501025,0.219360992,0.9527897,1.714118565,0.16478932,1.618781189,2.090980086,1.028918692,1.371336482,-0.680136601573495,-0.501907062075061,-0.960692291097093,-0.586421743011192,-0.376326192949849,-0.796720885763048,-0.0937148585623032,-0.125580869125212,-0.163971405334045
27,"C","P","cp",48,278,52,112,292,49,242,54,121,0,1,0.5,NA,5,1.5,1,NA,0,6.499608457,47.59689922,-3.065451533,NA,27.88161994,8.09512894,5.423057216,9.474673629,342.0058997,349.4707521,349.8719044,1.734317343,0.324272771,1.559110417,1.977379095,0.463078849,1.657719643,3.795392425,3.296311819,1.385203508,0.676759809014154,-0.276477131690136,0.030465292452457,-0.0703046975123995,0.295821995696176,0.796544751996531,0.747064506526553,-0.572299127386312,-0.766079459544074
28,"C","L","cl",48,224,50,118,259,49,245,56,122,0,0,0,0,3,0,0,0.5,0,7.282693814,5.271317829,5.053852527,6.840390879,31.46417445,3.602292264,5.050042699,12.74986945,334.9852507,330.8449396,348.4201537,1.584665847,0.355269433,1.396410456,1.602964119,0.193992491,1.489868441,4.162436548,4.080050293,1.176823327,-0.516116156325955,-0.387765324993803,0.731578867010101,-1.42511196848076,-0.905897496614425,0.661522235119923,0.908995812154801,0.518132171620621,0.0700566318901779
29,"W","L","wl",47,261,54,112,204,54,243,52,118,0,0,0,0,9,0,0.5,0,8.5,19.96867659,5.271317829,-0.745650373,15.96091205,35.20249221,2.021776504,9.803586678,18.19878155,339.3313668,348.8393686,348.4201537,1.584665847,0.176442537,1.513460788,NA,NA,NA,8.912534166,6.536043588,3.979087025,-0.935752880050309,1.03044575554823,1.89801484478775,-0.586421743011192,0.255085740079229,0.661522235119923,-0.349331137039117,0.775360015469001,1.23649260966782
30,"W","P","wp",47,223,50,116,312,48,306,52,118,0,1.5,0,0.5,1.5,2,0.5,0,2,5.403288958,24.03100775,1.408450704,15.96091205,94.5482866,3.112893983,3.634500427,5.926544822,338.3284169,350.1021356,355.0982067,1.078310783,0.286123033,0.959812719,0.799531981,0.187734668,0.715635869,3.00468567,0.702011735,2.482197736,-0.646054431180722,-0.810089751567925,-0.729074413514552,-0.779965647134163,0.336558251313119,1.28262579229085,0.133911215953441,-1.14664800288104,-2.01170020580541
31,"W","P","wp",47,219,52,110,293,53,312,56,119,0,0,0,0,3,0,0,0,0,1.957713391,20.31007752,3.893951947,-1.140065147,22.89719626,2.455014327,3.031938514,5.302697998,339.6656834,347.2609099,355.6789069,0.922509225,0.185979971,0.877097152,1.07449298,0.089695453,1.053228489,3.340491995,2.849958089,1.26789596,-0.820725554642815,-0.989862987180017,-0.862619856491311,-0.521907114736032,0.153245104262819,1.33663479160096,-0.298818439906783,-1.14310809144284,-2.19925464809228
32,"W","L","wl",46,246,49,111,336,48,342,50,118,0,0,0,2,1.5,0.5,0.5,1,2,8.848864526,13.02325581,5.385252693,4.723127036,14.64174455,1.909455587,3.137147737,4.776327241,356.3815143,355.4688951,342.3967774,1.053710537,0.424415832,0.84588373,1.407956318,0.102211097,1.367382429,3.850058571,0.712489522,3.286110486,-0.965574779210362,-0.958474009505047,-0.9752988238424,2.70382447269948,0.682816407927391,0.101307986130122,-3.66939925190985,-1.64129041743244,-1.07660680997252
33,"C","L","cl",46,302,50,112,404,49,366,44,111,0,3,2,0.5,0.5,3.5,2.5,0,0,10.72826938,120.3100775,18.30985915,4.885993485,20.40498442,3.048710602,4.332707088,4.932288947,336.9911504,328.003714,344.1087613,2.181221812,0.300429185,2,1.825273011,0.158531498,1.731060033,2.251073799,1.301341157,1.330110187,-0.663095516377109,-0.601781081760107,-0.94191246309821,-1.03802417953229,-1.08921063721282,0.260533929696214,0.374928663155185,0.487429555452713,-1.20244639279442
34,"C","P","cp",45,253,51,111,315,49,270,53,118,0,1.5,2.5,NA,2,1,3,NA,2,12.45105717,9.147286822,9.030654515,NA,96.21603027,10.90315186,11.41041845,8.509660574,341.0029499,348.2079851,335.2064451,2.929479295,1.120648546,2.17518533,1.511310452,0.667501043,1.057765008,3.401015228,1.561190277,2.247957424,1.42230728668796,1.5098410517072,-0.176112814464907,-0.263848582337901,0.214349484462282,-0.567440969406928,1.68615586902586,1.29549156724492,0.391328154942021
35,"P","P","pp",44,278,50,112,266,47,261,50,116,0,0.5,2,0,2,1,3,0,2.5,8.535630384,60.7751938,63.71168186,21.98697068,98.41761266,6.522636103,8.034158839,6.27745866,342.3402163,296.4345404,345.8207452,1.113161132,0.221745351,1.035115099,1.01599064,0.056320401,1.02071677,1.438891058,0.402347024,1.193688629,0.259253221038913,0.502540222628926,-0.65395510194716,-0.00579006923722858,-3.12602332773341,0.419759873262301,0.265043290276142,3.62856355036234,-1.07371497520946
36,"P","L","pl",44,215,40,105,252,40,207,39,111,0,3,1,6,6,3.5,1.5,3.5,5.5,126.6249021,112.5581395,76.16326531,35.50488599,58.23873409,5.961031519,8.168061486,10.65478548,345.7371226,343.4726091,345.1359517,3.864288643,0.224129709,3.651580179,5.694227769,0.527743012,5.213594435,4.890667708,4.55364627,1.53699123,0.110143725504152,0.542489830443274,0.283089099837453,0.649726729001544,-0.0911724165350435,0.356069501416269,-0.539583003497391,0.633662246978318,-0.0729804015788165
37,"P","L","pl",44,289,49,112,279,46,244,49,116,0,0,0,0.5,0.5,0,0,0,0,11.1981206,9.76744186,6.12244898,11.72638436,98.39467951,6.289971347,11.58257899,7.568316832,344.8312611,340.9470752,344.7935549,1.39196392,0.352885074,1.214592275,1.02574103,0.13767209,0.971193104,1.940648184,1.322296731,1.01716513,0.197479287235199,1.56120483135008,-0.377624086435075,0.474918424713675,-0.254117432550921,0.324224310842916,-0.277439137478475,1.815322263901,-0.701848397277991
38,"P","P","pp",43,224,50,106,260,50,254,55,117,0,1,0,0.5,0,1,0.5,0.5,0.5,6.969459671,13.64341085,9.387755102,5.700325733,41.56633414,3.329512894,2.352860803,5.165676568,346.0390764,353.2590529,340.3423968,1.959819598,0.226514068,1.837690207,1.977379095,0.233625365,1.824058672,1.805935182,1.148365465,1.012292932,-0.588540768609728,-1.19246457002935,-0.891951716272742,0.707996157331673,0.540239516494034,-0.0897631387086527,-1.2965369259414,-1.73270408652338,-0.802188577564089
39,"C","P","cp",43,222,49,110,225,48,280,49,116,1,1.5,2.5,0,9,1.5,2.5,0,8.5,3.523884103,20.7751938,10.04081633,7.491856678,57.1379429,3.53008596,4.160546541,15.94059406,346.9449378,328.6350975,336.2336354,1.943419434,0.157367668,1.867342957,0.555772231,0.118898623,0.529260547,7.692307692,4.840737636,4.020688104,-0.535287377271455,-0.653144863491425,1.41460988530907,0.882804442322073,-1.04847438159588,-0.471905406987538,-1.41809181959353,0.395329518104452,1.8865152922966
40,"C","L","cl",43,211,48,111,239,46,244,52,116,0,2,0.5,3,0,2,1,0,0,0.704776821,119.0697674,9.551020408,11.56351792,47.09322325,4.300286533,6.695132365,13.75049505,345.7371226,357.3630455,341.7119839,2.414924149,0.183595613,2.298868513,0.627925117,0.108468919,0.606759413,2.318813368,0.678913738,1.840975749,-0.330794354649308,0.103044143292047,0.945780468853769,0.649726729001544,0.805025168326322,0.0376176142840856,-0.980521083650851,-0.701981025034276,0.908162854569683
41,"W","L","wl",43,NA,NA,NA,NA,NA,NA,NA,NA,NA,NA,NA,NA,NA,NA,NA,NA,NA,NA,NA,NA,NA,NA,NA,NA,NA,NA,NA,NA,NA,NA,NA,NA,NA,NA,NA,NA,NA,NA,NA,NA,NA,NA,NA,NA,NA,NA
42,"W","P","wp",42,231,47,117,270,48,324,51,121,0,1,0,1.5,1,1,0,1,1,10.1018011,8.217054264,2.367346939,-4.44089e-14,96.83522532,2.61769616,3.204099061,3.086468647,349.6625222,272.7576602,343.4239678,1.06601066,0.076299475,1.085446742,2.53900156,0.185648728,2.403220928,1.764926774,0.111821086,1.719722441,-0.77753252035786,-0.938499205448699,-1.33704293445089,1.40722933588821,-4.65363284562386,0.196843557850177,-2.18476185624607,3.71513364017516,-1.53388649230107
43,"W","P","wp",42,293,45,109,443,45,340,48,115,0,0,0,0,0,0,0,0,0,5.716523101,12.24806202,6.448979592,10.42345277,NA,2.63639399,2.658923997,5.19339934,344.2273535,352.9433612,NA,2.017220172,0.336194564,1.820522825,1.753120125,0.148101794,1.668682897,1.545249718,0.509185304,1.225767222,-0.772568130681698,-1.10115118048368,-0.886017166756972,0.358379568053404,0.519871391911517,NA,-1.1309476987351,-1.6210225723952,NA
44,"W","L","wl",42,261,47,111,325,46,339,44,114,0,2,0,2,3,2,0,0,1.333333333,5.090054816,11.1627907,3.346938776,3.745928339,91.28540305,3.047746244,4.150982067,3.123432343,344.5293073,354.5175064,345.8207452,1.35301353,0.464949928,1.104174795,1.901326053,0.373383396,1.649024648,1.731130304,0.367412141,1.504399456,-0.663351559399177,-0.655998406672319,-1.3291302017632,0.416648996383545,0.621433724860329,0.419759873262301,-1.08000055578272,-1.27743213153265,-1.7488900750255
45,"C","L","cl",41,205,47,109,262,49,355,47,115,0,4,1,NA,0,3,0,NA,0,18.87235709,20.62015504,4.163265306,NA,63.60509116,5.656093489,9.956618275,10.05412541,343.0195382,340.9470752,347.8751259,2.04797048,1.452074392,1.119391338,2.611154446,1.877346683,1.246786632,1.879459256,0.333466454,1.670005008,0.0291807898051383,1.07610245032106,0.154507191521765,0.125301835435406,-0.254117432550921,0.610831007401746,-0.0961210456302677,1.33021988287199,-0.45632381587998
46,"C","P","cp",40,308,46,111,286,44,279,53,112,0,2,3,NA,6,0.5,3,NA,2,30.70607553,9.92248062,122.5306122,NA,98.30294691,2.98230384,9.564474808,15.89438944,345.4351687,345.6824513,331.7824773,5.660106601,0.796375775,4.98595396,2.096333853,0.287859825,1.900045365,3.375891851,3.148961661,1.07804564,-0.680726923000237,0.959107170058912,1.40471896944945,0.591457281373945,0.0514044748983135,-0.885892856539112,-1.27218420437418,0.907702695160598,2.29061182598856
47,"P","P","pp",40,239,43,107,264,42,284,43,110,0,0,0,7.5,0,0,0,5,0,-1.3136289,18.4496124,9.06122449,34.5276873,80.09402591,2.112854758,2.48676345,8.252145215,347.5488455,355.7845868,343.081571,1.853218532,0.109680496,1.812719469,0.661076443,0.075093867,0.663087857,1.134059332,0.229632588,1.034408756,-0.911571039490177,-1.152514962215,-0.231238530214281,0.999343318279812,0.703184532509912,0.164998367276824,-1.91091435776999,-1.85569949472491,-0.396236897491105
48,"P","L","pl",39,223,40,102,336,41,217,48,110,0,0.5,1,NA,9,0,1,NA,4,9.359605911,17.6744186,72.40816327,NA,50.09746589,5.048414023,14.32758326,13.39009901,345.4351687,352.3119777,NA,5.629356294,0.977587029,4.838080375,3.625195008,0.757196496,3.041735975,4.598197522,4.365015974,1.370985049,-0.132161872280563,2.38017179348349,0.868631324292492,0.591457281373945,0.47913513629457,NA,-0.723619153654507,1.90103665718892,NA
49,"P","L","pl",38,243,46,109,345,47,356,47,112,0,0.5,2,0.5,0,2,2.5,1,0,23.31691297,72.86821705,57.2244898,5.537459283,61.95390437,9.87245409,5.872587532,18.36171617,335.4706927,353.8904364,335.2064451,8.341533415,1.256556986,7.23644167,6.281201248,0.496453901,5.805232119,4.485542621,2.615814696,2.51698977,1.14865064478721,-0.142360590850878,1.93289388106244,-1.33143396930527,0.580975772110981,-0.567440969406928,2.48008461409248,-0.723336362961859,2.50033485046937
50,"P","P","pp",37,198,40,105,230,43,243,40,111,0,0.5,0,0,0,0,0,0,0,-5.090311987,10.23255814,29.46938776,7.654723127,18.49558537,3.92654424,11.53475662,14.78547855,347.8507993,330.8449396,333.1520645,1.297662977,0.226514068,1.207569255,2.189937598,0.723821443,1.674731589,1.333082989,0.405351438,1.098075685,-0.430025248336662,1.54693711544561,1.16733698667798,1.05761274660994,-0.905897496614425,-0.758512094245703,-1.4876379949466,2.45283461206003,1.92584908092369
51,"C","P","cp",37,315,40,102,284,37,295,42,104,0,0.5,1,1.5,0,2,1.5,1,0,16.42036125,12.40310078,20.97959184,20.52117264,62.84829721,1.98196995,3.366695132,5.295049505,344.2273535,348.8393686,332.1248741,1.115211152,0.152598951,1.0823254,1.290951638,0.087609512,1.264554665,2.350732257,1.301916933,1.424994635,-0.946321766692297,-0.889988967494971,-0.864257151651749,0.358379568053404,0.255085740079229,-0.854047665965758,-1.3047013347457,-1.1450747075742,-0.0102094856859904
52,"C","L","cl",36,344,35,104,298,35,184,37,103,0,1.5,2,1,0.5,1.5,2,1,0,13.95730706,21.08527132,103.4285714,42.99674267,98.34881321,2.131552588,5.556959863,10.77491749,345.1332149,358.3101207,336.918429,1.713817138,0.331425846,1.534920016,2.057332293,0.139758031,1.969605323,1.216672925,0.423322684,0.974318621,-0.906606649814016,-0.236527523875787,0.30880548064432,0.533187853043804,0.86612954852579,-0.408215025840836,-1.43979450285782,-1.10265707240158,0.717020506485156
53,"W","L","wl",36,202,42,108,323,38,357,41,114,0,0.5,2,NA,7.5,0.5,2.5,NA,7.5,23.6453202,32.86821705,8.081632653,NA,4.093567251,24.7278798,10.70264731,15.82046205,327.6198934,350.1021356,338.9728097,4.760147601,7.99713877,-0.583690987,3.124024961,2.329995828,1.415771964,4.701464514,4.490814696,1.379211675,5.09285818275883,1.29867883722675,1.3888935045022,-2.84643920237606,0.336558251313119,-0.217143891701391,7.93929738513489,0.962120585913627,1.60603739620359
54,"W","P","wp",36,371,38,103,370,35,298,37,105,0,2,0,3,1,2.5,0,3,1,0.985221675,63.10077519,10.53061224,13.68078176,98.16534801,4.693155259,3.338001708,12.53993399,345.1332149,349.4707521,326.9889225,1.949569496,0.526943252,1.631291455,3.43798752,0.104297038,3.333585362,2.472775066,0.521166134,2.100650976,-0.226485274534599,-0.89854959763435,0.686638469906741,0.533187853043804,0.295821995696176,-1.33172548736336,-0.759673127578403,-1.19437159333053,2.0183639572701
55,"W","P","wp",35,250,39,106,275,35,243,36,112,0,2,2,2,0.5,2.5,2.5,0,0,123.4811166,22.01550388,13.63265306,3.094462541,21.2246302,6.226377295,8.741929974,14.16633663,346.642984,353.8904364,339.3152064,2.183271833,0.11921793,2.120561842,4.578783151,0.331664581,4.274535007,2.153586181,0.696884984,1.670720366,0.180594672538516,0.713702435617639,1.03479871159031,0.824535013991943,0.580975772110981,-0.185298710428708,-0.643940341453428,0.132726663506658,1.22009742201902
56,"W","L","wl",35,301,43,110,288,43,294,43,113,0,0,1,7.5,1,0,1,7,1.5,24.30213465,45.11627907,49.06122449,32.247557,98.83040936,3.216026711,5.872587532,3.853465347,347.5488455,351.0492108,332.8096677,2.035670357,0.252742012,1.892703863,1.18174727,0.22110972,1.061923484,0.995118288,0.217651757,0.910651692,-0.61867205311024,-0.142360590850878,-1.17285372946872,0.999343318279812,0.397662631512586,-0.790357284819056,-1.61801537139005,-0.540023222363464,-0.382496444649665
57,"C","L","cl",34,239,37,105,343,37,171,42,112,0,0.5,2,10,NA,0.5,2,10.5,NA,3.9408867,78.75968992,10.04081633,40.55374593,98.44054581,4.393989983,17.25431255,NA,345.1332149,358.9415042,NA,4.30299303,0.741535527,3.730394069,6.706318253,2.863996662,4.500982912,2.630491926,2.927316294,0.526861721,-0.305915508291162,3.25335608023077,NA,0.533187853043804,0.906865804142733,NA,-0.839103361334966,2.34649027608803,NA
58,"C","P","cp",33,346,35,107,343,33,288,37,107,0,2,1,3,NA,2,1,3,NA,0.985221675,66.66666667,0.244897959,14.00651466,80.50682261,3.113188648,3.060631939,11.21848185,348.1527531,346.9684031,321.8529708,1.853218532,0.417262756,1.611392899,1.733619345,0.193992491,1.616512929,1.733007886,1.192092652,0.915301524,-0.645976195798117,-0.98130235674229,0.403758274609177,1.11588217494007,0.13437284710929,-1.80940331806164,-1.76185837073819,-1.11567520385158,2.21316159267082
59,"P","P","pp",33,292,37,102,270,34,259,34,102,0,2,0,2,NA,2,0.5,2.5,NA,13.79310345,9.612403101,11.18367347,6.188925081,98.57814471,5.712186978,6.350811272,14.91485149,343.6234458,349.000854,330.4128902,1.828618286,0.221745351,1.715957862,2.051482059,0.064664164,2.018372902,2.818250094,1.851038339,1.476858144,0.0440739585681174,0.000316580127758355,1.19503155194118,0.241840692095676,0.265504622632867,-1.01327360953185,-0.197766733527559,-0.265188042505108,2.20830516147303
60,"P","L","pl",33,138,33,104,259,33,344,33,108,0,1,1,4,2,1,1.5,5,0,123.6453202,35.65891473,7.755102041,34.8534202,52.78064442,11.28414023,9.927924851,15.55247525,343.9253996,351.6140051,339.3152064,1.437064371,0.269432523,1.312134218,1.115444618,0.062578223,1.112581279,1.577168607,0.906549521,0.971457186,1.52346205869977,1.06754182018169,1.33152619166015,0.300110120425806,0.434102616047804,-0.185298710428708,1.22335193827397,0.633439204133881,1.51682490208886
61,"P","L","pl",32,342,35,99,239,32,321,34,105,0,1,0,0.5,2,1,0,0,0,3.28407225,5.271317829,-2.204081633,9.968847352,96.94989107,1.168614357,4.868317677,10.48844884,345.7371226,357.1306576,340,1.055760558,0.076299475,1.075692548,0.889235569,0.075093867,0.884243157,3.389034923,2.957268371,1.227913299,-1.16227271441926,-0.441982650204364,0.247481801030293,0.649726729001544,0.790031724727171,-0.121608329282006,-1.8119994434208,-1.23201437493153,0.369090130312299
62,"P","P","pp",32,236,37,102,288,36,323,38,106,0,1.5,0,1,1,2,0,1.5,1.5,4.269293924,10.07751938,5.469387755,5.607476636,98.18828116,4.92687813,5.370931245,8.732673267,346.9449378,357.7113578,325.6193353,1.625666257,0.27420124,1.488490051,1.1524961,0.089695453,1.128837139,3.522343222,0.467252396,3.138994206,-0.164430404644601,-0.292028819017065,-0.128373004418002,0.882804442322073,0.827497942618531,-1.45910624965677,-1.04723484696667,-1.1195267616356,1.33073324523877
63,"C","P","cp",32,233,40,103,255,38,286,43,110,0,1,0,3,1.5,1.5,0.5,3,2,5.747126437,-3.728251864,6.448979592,10.12461059,100.2063983,8.844073456,5.858311575,NA,342.1136767,357.4210077,338.6304129,3.819188192,1.940867907,2.484978541,2.611154446,0.106382979,2.530621503,NA,NA,NA,0.875609216846418,-0.146619796296791,NA,-0.0495064688524629,0.808764833672853,-0.248989082274744,0.925115685698881,-0.955384629969644,NA
64,"C","L","cl",32,243,36,107,273,36,238,41,111,0,0,0,0.5,2,1,0.5,0,0,4.269293924,84.25849213,9.551020408,15.26479751,73.90207545,6.450751252,7.739599652,NA,345.7371226,343.1938514,314.3202417,3.56498565,0.83929423,2.964104565,5.889235569,0.204422194,5.637002873,2.923394668,0.854632588,2.290936405,0.240167347855938,0.414659032358181,NA,0.649726729001544,-0.109157594992178,-2.50999746417204,-0.409559381145606,0.523816627350359,NA
65,"W","L","wl",31,214,35,101,260,35,163,42,110,0,10,0,5,12,10.5,0,5,12,4.433497537,29.57746479,10.69387755,38.00623053,64.88934755,7.516527546,11.95056571,22.7049505,329.4316163,342.322801,314.6626385,2.101271013,0.321888412,1.909871245,7.012480499,6.83979975,1.915545138,9.100638378,8.186900958,2.921167465,0.523137555149058,1.67099299069012,2.86263998256975,-2.4968226130978,-0.165356928281126,-2.47815227359868,3.01996016824686,1.83634991897124,5.34079225616843
66,"W","P","wp",30,241,34,108,332,35,293,36,111,0,0,0,0.5,0,1,0,0.5,0,2.955665025,-0.745650373,2.857142857,16.82242991,93.21178764,7.301502504,4.834812881,9.61980198,348.7566607,348.7105038,301.9939577,1.217712177,0.116833572,1.203277409,1.497659906,0.146015853,1.422576743,1.772437101,0.397364217,1.522283425,0.466047074669717,-0.451978744307715,0.0615325820132379,1.23242103160034,0.246771507235283,-3.65642425040736,-0.766373956930625,-0.698750251542998,3.7179568324206
67,"W","P","wp",30,211,37,106,269,36,233,44,108,0,0.5,1,0,0.5,0.5,2,0.5,0.5,9.359605911,-2.402651201,3.836734694,4.984423676,98.44054581,5.478464107,6.608877285,8.335313531,341.2078153,351.9043553,328.0161128,3.427634276,0.543633763,3.026921576,3.235064428,0.201173512,3.061614572,3.580548254,0.712859425,3.018456256,-0.0179809113218797,0.0773100992294579,-0.213434881666972,-0.224314753842863,0.452835731445391,-1.23618992494398,0.206333842520983,-0.375525632215933,1.02275504327701
68,"W","L","wl",29,240,32,99,360,31,258,34,105,0,0,0,3,2.5,0.5,0,1.5,0,6.239737274,9.362054681,8.571428571,11.68224299,97.04162367,4.085475793,4.064751958,12.61386139,343.0195382,352.1947054,339.6576032,2.148421484,0.743919886,1.678501756,2.883639203,0.157166806,2.755790421,2.726248592,2.184504792,1.150296874,-0.3878279366203,-0.681725000683105,0.702463936994669,0.125301835435406,0.47156884039107,-0.15345351985536,-0.513129772055706,-1.15329384107417,0.855917456850029
69,"C","L","cl",29,195,34,97,296,34,231,35,104,0,0,0,0.5,2,0,0,0,0,9.031198686,0.911350456,0.408163265,24.29906542,57.98646944,7.385642738,6.491906005,17.82574257,346.0390764,357.1306576,341.3695871,1.988519885,0.166905103,1.904018728,1.409605623,0.165549036,1.334982385,4.911753661,2.286341853,3.159024251,0.488386827946938,0.0424119335379134,1.81815925537835,0.707996157331673,0.790031724727171,0.00577242371073212,-0.219609329384735,-0.747619791189257,1.81238683166762
70,"C","P","cp",29,319,37,101,229,33,234,38,107,0,0,0,1.5,0,2,2,1.5,1,5.254515599,113.918807,4.979591837,18.06853583,99.08267401,7.123873122,16.98033072,16.28250825,347.2468917,356.2596072,329.3856999,2.49897499,0.057224607,2.461568474,3.621632175,0.289186924,3.36968743,3.501689824,0.26956869,3.260962873,0.418885373542699,3.17161410647608,1.48780266309836,0.941073889949672,0.733832391438224,-1.10880917195123,-0.522188516406973,2.43778171503785,2.5966118350496
71,"P","P","pp",26,167,32,96,211,33,296,34,103,0,2.5,0,2,0,3.5,0,2,0,4.105090312,1.077050539,9.714285714,30.99688474,98.05068226,9.423706177,5.848563969,12.04092409,347.2468917,356.8403074,331.4400806,2.770402187,0.461022632,2.429727906,4.244435767,0.173931266,4.049921295,1.911378145,1.134185304,1.126690035,1.02950529441788,-0.149527976572188,0.579816577766616,0.941073889949672,0.771298609329584,-0.917738037811795,0.0884314044682047,-0.920826585901771,1.49755461557841
72,"P","L","pl",25,261,30,99,261,29,291,31,102,0,2,2.5,NA,0,2,3,NA,0,85.22167488,24.44076222,9.87755102,10.12461059,NA,4.496828047,4.162228024,NA,344.8312611,347.5491033,NA,3.337433374,0.219360992,3.153335934,6.770792659,0.232606873,6.432801139,NA,NA,NA,-0.278611365337778,-0.65264319613905,NA,0.474918424713675,0.171839065000654,NA,-0.753529790051453,-0.824482261139704,NA
